patient_id,sample_id,gene_mutation,tumor_mutation_burden,variant_type,variant_allele_fraction,ctdna_level_ng_ml
P0001,S00001,KRAS,4.32,Frameshift,0.36,5.94
P0002,S00002,MET,2.59,Missense,0.32,3.05
P0002,S00002,PIK3CA,2.59,Nonsense,0.432,3.05
P0003,S00003,PIK3CA,3.46,Splice,0.247,0.62
P0003,S00003,MET,3.46,Splice,0.408,0.62
P0003,S00003,ROS1,3.46,Nonsense,0.593,0.62
P0004,S00004,EGFR,4.44,Missense,0.522,11.91
P0004,S00004,KRAS,4.44,Frameshift,0.611,11.91
P0005,S00005,KRAS,2.59,Missense,0.142,14.26
P0005,S00005,BRAF,2.59,Splice,0.161,14.26
P0006,S00006,ALK,8.39,Splice,0.265,1.82
P0006,S00006,STK11,8.39,Frameshift,0.573,1.82
P0007,S00007,ALK,13.98,Frameshift,0.176,7.19
P0008,S00008,ROS1,6.05,Missense,0.327,2.5
P0008,S00008,MET,6.05,Frameshift,0.526,2.5
P0009,S00009,KRAS,6.05,Frameshift,0.469,1.23
P0010,S00010,KEAP1,16.78,Nonsense,0.2,5.53
P0010,S00010,BRAF,16.78,Frameshift,0.207,5.53
P0011,S00011,EGFR,2.59,Frameshift,0.512,4.06
P0012,S00012,ALK,1.73,Splice,0.163,4.46
P0013,S00013,ROS1,5.19,Missense,0.316,3.03
P0014,S00014,ROS1,6.05,Splice,0.219,11.18
P0015,S00015,KRAS,2.59,Splice,0.073,2.35
P0016,S00016,MET,11.19,Splice,0.431,0.68
P0016,S00016,BRAF,11.19,Frameshift,0.286,0.68
P0017,S00017,ROS1,2.59,Missense,0.401,2.38
P0017,S00017,BRAF,2.59,Nonsense,0.096,2.38
P0018,S00018,TP53,0.1,Splice,0.545,1.67
P0018,S00018,EGFR,0.1,Splice,0.182,1.67
P0018,S00018,KRAS,0.1,Nonsense,0.312,1.67
P0019,S00019,BRAF,1.96,Missense,0.636,4.36
P0019,S00019,STK11,1.96,Splice,0.356,4.36
P0020,S00020,BRAF,8.39,Frameshift,0.297,6.08
P0020,S00020,MET,8.39,Splice,0.138,6.08
P0021,S00021,KEAP1,2.8,Splice,0.496,10.03
P0021,S00021,MET,2.8,Splice,0.572,10.03
P0022,S00022,ROS1,2.59,Frameshift,0.076,5.71
P0022,S00022,STK11,2.59,Missense,0.485,5.71
P0022,S00022,KEAP1,2.59,Missense,0.294,5.71
P0023,S00023,TP53,6.92,Splice,0.251,2.41
P0024,S00024,MET,3.46,Splice,0.609,0.58
P0025,S00025,ALK,5.59,Nonsense,0.409,11.4
P0026,S00026,KEAP1,13.84,Splice,0.622,2.58
P0027,S00027,BRAF,5.19,Splice,0.202,5.99
P0027,S00027,MET,5.19,Splice,0.626,5.99
P0028,S00028,MET,0.1,Frameshift,0.119,16.71
P0028,S00028,EGFR,0.1,Frameshift,0.137,16.71
P0029,S00029,BRAF,3.46,Missense,0.17,0.48
P0030,S00030,BRAF,3.46,Frameshift,0.402,3.79
P0030,S00030,MET,3.46,Splice,0.637,3.79
P0031,S00031,TP53,8.65,Missense,0.566,16.39
P0031,S00031,ROS1,8.65,Frameshift,0.537,16.39
P0031,S00031,BRAF,8.65,Splice,0.116,16.39
P0032,S00032,ALK,22.37,Nonsense,0.643,2.48
P0032,S00032,KRAS,22.37,Splice,0.257,2.48
P0033,S00033,TP53,13.98,Missense,0.432,2.44
P0033,S00033,BRAF,13.98,Missense,0.18,2.44
P0034,S00034,EGFR,1.73,Missense,0.593,14.24
P0034,S00034,BRAF,1.73,Nonsense,0.109,14.24
P0035,S00035,STK11,8.39,Missense,0.073,11.71
P0036,S00036,PIK3CA,10.38,Missense,0.376,2.31
P0037,S00037,MET,2.8,Frameshift,0.333,8.14
P0037,S00037,KEAP1,2.8,Nonsense,0.445,8.14
P0038,S00038,EGFR,5.19,Splice,0.315,13.04
P0038,S00038,ALK,5.19,Nonsense,0.502,13.04
P0039,S00039,MET,5.19,Splice,0.172,2.53
P0039,S00039,STK11,5.19,Nonsense,0.58,2.53
P0040,S00040,PIK3CA,2.59,Missense,0.156,1.97
P0040,S00040,MET,2.59,Splice,0.319,1.97
P0040,S00040,KEAP1,2.59,Nonsense,0.117,1.97
P0041,S00041,TP53,0.1,Splice,0.256,3.92
P0041,S00041,KEAP1,0.1,Splice,0.072,3.92
P0042,S00042,TP53,5.59,Nonsense,0.528,1.8
P0043,S00043,ROS1,10.38,Missense,0.502,0.89
P0044,S00044,KRAS,11.19,Missense,0.46,4.86
P0044,S00044,ROS1,11.19,Missense,0.287,4.86
P0045,S00045,ALK,8.65,Missense,0.11,2.14
P0045,S00045,PIK3CA,8.65,Missense,0.329,2.14
P0046,S00046,MET,7.78,Frameshift,0.412,3.38
P0046,S00046,BRAF,7.78,Frameshift,0.453,3.38
P0047,S00047,BRAF,9.51,Frameshift,0.629,1.95
P0048,S00048,KRAS,0.86,Splice,0.272,6.42
P0048,S00048,BRAF,0.86,Nonsense,0.287,6.42
P0049,S00049,TP53,7.78,Nonsense,0.174,1.55
P0049,S00049,MET,7.78,Splice,0.19,1.55
P0050,S00050,PIK3CA,3.46,Frameshift,0.448,5.72
P0051,S00051,BRAF,2.59,Nonsense,0.362,8.74
P0052,S00052,KRAS,5.19,Splice,0.546,14.47
P0052,S00052,MET,5.19,Missense,0.113,14.47
P0053,S00053,STK11,2.8,Missense,0.168,0.76
P0053,S00053,TP53,2.8,Missense,0.446,0.76
P0054,S00054,BRAF,1.73,Nonsense,0.482,2.52
P0055,S00055,BRAF,2.8,Nonsense,0.137,0.56
P0055,S00055,EGFR,2.8,Nonsense,0.621,0.56
P0056,S00056,MET,5.19,Nonsense,0.551,11.52
P0057,S00057,TP53,19.89,Nonsense,0.526,12.2
P0058,S00058,ROS1,11.19,Splice,0.347,1.32
P0058,S00058,KEAP1,11.19,Missense,0.316,1.32
P0058,S00058,PIK3CA,11.19,Splice,0.606,1.32
P0059,S00059,KEAP1,3.46,Nonsense,0.515,4.78
P0060,S00060,ALK,0.1,Nonsense,0.324,5.95
P0061,S00061,KEAP1,5.59,Splice,0.613,15.49
P0062,S00062,BRAF,0.86,Splice,0.237,4.06
P0063,S00063,KEAP1,5.59,Splice,0.425,3.3
P0064,S00064,TP53,2.8,Splice,0.542,1.69
P0064,S00064,ALK,2.8,Splice,0.398,1.69
P0065,S00065,KRAS,4.32,Frameshift,0.467,4.49
P0066,S00066,KRAS,2.59,Nonsense,0.386,4.18
P0067,S00067,STK11,13.98,Missense,0.31,1.53
P0067,S00067,EGFR,13.98,Splice,0.251,1.53
P0068,S00068,ALK,5.87,Missense,0.162,3.57
P0068,S00068,ROS1,5.87,Frameshift,0.251,3.57
P0068,S00068,TP53,5.87,Nonsense,0.471,3.57
P0069,S00069,ALK,16.78,Nonsense,0.126,4.71
P0069,S00069,MET,16.78,Missense,0.257,4.71
P0070,S00070,PIK3CA,2.59,Nonsense,0.295,1.58
P0070,S00070,KEAP1,2.59,Frameshift,0.411,1.58
P0071,S00071,PIK3CA,0.1,Frameshift,0.606,23.45
P0072,S00072,MET,3.91,Missense,0.121,7.31
P0072,S00072,TP53,3.91,Frameshift,0.508,7.31
P0073,S00073,KRAS,11.19,Splice,0.621,5.99
P0074,S00074,TP53,8.65,Missense,0.152,3.98
P0074,S00074,KRAS,8.65,Frameshift,0.556,3.98
P0075,S00075,TP53,10.38,Frameshift,0.341,8.7
P0075,S00075,KRAS,10.38,Frameshift,0.281,8.7
P0076,S00076,PIK3CA,5.59,Frameshift,0.451,9.68
P0076,S00076,KRAS,5.59,Nonsense,0.054,9.68
P0076,S00076,KEAP1,5.59,Frameshift,0.548,9.68
P0077,S00077,KEAP1,1.73,Missense,0.423,1.16
P0078,S00078,EGFR,6.92,Frameshift,0.454,13.16
P0078,S00078,ROS1,6.92,Splice,0.299,13.16
P0079,S00079,EGFR,7.78,Missense,0.618,2.73
P0080,S00080,KRAS,11.19,Missense,0.341,10.98
P0080,S00080,STK11,11.19,Frameshift,0.119,10.98
P0081,S00081,KRAS,2.59,Missense,0.541,7.5
P0082,S00082,MET,2.59,Frameshift,0.427,0.75
P0082,S00082,ALK,2.59,Splice,0.439,0.75
P0083,S00083,PIK3CA,22.37,Missense,0.24,1.36
P0084,S00084,ROS1,8.39,Frameshift,0.264,9.4
P0085,S00085,PIK3CA,3.91,Splice,0.16,9.79
P0085,S00085,STK11,3.91,Splice,0.215,9.79
P0086,S00086,KRAS,0.86,Splice,0.365,4.66
P0086,S00086,ALK,0.86,Frameshift,0.082,4.66
P0086,S00086,KEAP1,0.86,Frameshift,0.074,4.66
P0087,S00087,EGFR,6.05,Missense,0.487,4.6
P0087,S00087,ROS1,6.05,Frameshift,0.119,4.6
P0088,S00088,ALK,6.92,Missense,0.143,6.11
P0088,S00088,KEAP1,6.92,Frameshift,0.44,6.11
P0089,S00089,ROS1,1.73,Missense,0.566,2.12
P0089,S00089,ALK,1.73,Frameshift,0.394,2.12
P0090,S00090,STK11,5.19,Missense,0.636,4.67
P0090,S00090,MET,5.19,Nonsense,0.315,4.67
P0090,S00090,EGFR,5.19,Missense,0.112,4.67
P0091,S00091,KRAS,6.92,Missense,0.264,3.22
P0092,S00092,TP53,1.73,Frameshift,0.432,9.86
P0093,S00093,PIK3CA,3.46,Splice,0.133,18.89
P0093,S00093,KEAP1,3.46,Nonsense,0.641,18.89
P0093,S00093,EGFR,3.46,Frameshift,0.567,18.89
P0094,S00094,ROS1,4.32,Splice,0.341,1.77
P0094,S00094,PIK3CA,4.32,Nonsense,0.33,1.77
P0095,S00095,ROS1,2.8,Nonsense,0.122,3.21
P0095,S00095,STK11,2.8,Nonsense,0.463,3.21
P0096,S00096,MET,0.1,Splice,0.496,1.19
P0096,S00096,EGFR,0.1,Frameshift,0.227,1.19
P0097,S00097,TP53,5.19,Missense,0.428,5.2
P0097,S00097,STK11,5.19,Missense,0.451,5.2
P0098,S00098,KEAP1,0.1,Splice,0.606,2.75
P0099,S00099,ROS1,12.11,Nonsense,0.267,20.29
P0099,S00099,KEAP1,12.11,Missense,0.635,20.29
P0099,S00099,ALK,12.11,Nonsense,0.271,20.29
P0100,S00100,MET,6.92,Frameshift,0.096,4.39
P0100,S00100,EGFR,6.92,Frameshift,0.584,4.39
P0101,S00101,MET,2.8,Missense,0.123,5.39
P0101,S00101,ALK,2.8,Missense,0.359,5.39
P0102,S00102,STK11,11.19,Splice,0.441,1.8
P0103,S00103,EGFR,0.86,Nonsense,0.325,3.42
P0103,S00103,STK11,0.86,Splice,0.227,3.42
P0104,S00104,ALK,2.59,Nonsense,0.405,9.14
P0105,S00105,MET,1.73,Frameshift,0.602,9.47
P0106,S00106,ALK,0.86,Frameshift,0.057,10.06
P0106,S00106,STK11,0.86,Frameshift,0.288,10.06
P0107,S00107,BRAF,6.05,Splice,0.614,3.5
P0107,S00107,PIK3CA,6.05,Frameshift,0.323,3.5
P0108,S00108,STK11,0.1,Splice,0.173,4.32
P0108,S00108,TP53,0.1,Nonsense,0.206,4.32
P0109,S00109,BRAF,2.8,Missense,0.383,3.36
P0110,S00110,ALK,11.19,Splice,0.286,2.43
P0110,S00110,MET,11.19,Missense,0.241,2.43
P0111,S00111,TP53,0.86,Frameshift,0.267,0.21
P0111,S00111,KRAS,0.86,Frameshift,0.413,0.21
P0112,S00112,MET,14.7,Nonsense,0.385,0.76
P0112,S00112,KEAP1,14.7,Missense,0.623,0.76
P0113,S00113,EGFR,6.05,Nonsense,0.106,1.13
P0114,S00114,PIK3CA,9.51,Missense,0.45,2.48
P0114,S00114,KEAP1,9.51,Splice,0.265,2.48
P0115,S00115,ROS1,3.46,Nonsense,0.541,4.77
P0115,S00115,MET,3.46,Missense,0.171,4.77
P0116,S00116,KRAS,7.78,Splice,0.208,3.43
P0116,S00116,TP53,7.78,Frameshift,0.527,3.43
P0117,S00117,MET,29.4,Frameshift,0.262,5.97
P0117,S00117,KEAP1,29.4,Missense,0.489,5.97
P0118,S00118,PIK3CA,11.19,Nonsense,0.639,3.34
P0118,S00118,STK11,11.19,Frameshift,0.277,3.34
P0119,S00119,KEAP1,11.24,Frameshift,0.499,11.02
P0119,S00119,MET,11.24,Nonsense,0.295,11.02
P0119,S00119,PIK3CA,11.24,Splice,0.623,11.02
P0120,S00120,STK11,7.78,Splice,0.226,3.29
P0120,S00120,EGFR,7.78,Splice,0.371,3.29
P0121,S00121,ALK,5.19,Nonsense,0.269,22.01
P0122,S00122,MET,8.39,Missense,0.58,4.93
P0123,S00123,TP53,2.59,Frameshift,0.436,3.3
P0124,S00124,MET,2.8,Nonsense,0.603,9.24
P0125,S00125,TP53,8.39,Missense,0.629,1.97
P0125,S00125,EGFR,8.39,Frameshift,0.521,1.97
P0125,S00125,KRAS,8.39,Missense,0.401,1.97
P0126,S00126,ALK,1.73,Nonsense,0.548,1.49
P0126,S00126,KEAP1,1.73,Nonsense,0.444,1.49
P0127,S00127,PIK3CA,11.19,Nonsense,0.521,9.32
P0127,S00127,STK11,11.19,Missense,0.201,9.32
P0128,S00128,ALK,6.92,Missense,0.594,8.46
P0128,S00128,BRAF,6.92,Splice,0.409,8.46
P0128,S00128,KRAS,6.92,Frameshift,0.622,8.46
P0129,S00129,PIK3CA,12.97,Missense,0.169,3.57
P0129,S00129,KEAP1,12.97,Frameshift,0.373,3.57
P0130,S00130,BRAF,5.19,Missense,0.257,9.74
P0130,S00130,PIK3CA,5.19,Nonsense,0.386,9.74
P0131,S00131,ALK,7.78,Frameshift,0.397,10.73
P0131,S00131,BRAF,7.78,Missense,0.408,10.73
P0132,S00132,KRAS,7.78,Missense,0.107,0.7
P0133,S00133,BRAF,4.89,Frameshift,0.628,4.7
P0134,S00134,KEAP1,8.65,Nonsense,0.429,1.45
P0135,S00135,TP53,1.73,Frameshift,0.559,2.48
P0135,S00135,ALK,1.73,Frameshift,0.151,2.48
P0135,S00135,ROS1,1.73,Splice,0.613,2.48
P0136,S00136,ROS1,0.1,Frameshift,0.177,9.7
P0137,S00137,TP53,4.32,Nonsense,0.326,0.36
P0138,S00138,BRAF,5.59,Nonsense,0.622,6.42
P0139,S00139,ALK,4.32,Splice,0.117,0.93
P0139,S00139,PIK3CA,4.32,Nonsense,0.337,0.93
P0139,S00139,ROS1,4.32,Nonsense,0.545,0.93
P0140,S00140,BRAF,6.05,Nonsense,0.117,9.54
P0141,S00141,ROS1,2.59,Frameshift,0.526,2.25
P0141,S00141,KEAP1,2.59,Missense,0.196,2.25
P0142,S00142,ALK,0.1,Frameshift,0.338,3.49
P0142,S00142,KEAP1,0.1,Nonsense,0.453,3.49
P0142,S00142,BRAF,0.1,Frameshift,0.369,3.49
P0143,S00143,STK11,3.46,Nonsense,0.393,2.04
P0143,S00143,ALK,3.46,Missense,0.296,2.04
P0144,S00144,KEAP1,3.46,Frameshift,0.518,3.88
P0145,S00145,PIK3CA,11.24,Splice,0.451,4.49
p0146,S00146,ROS1,7.78,Frameshift,0.601,9.05
P0146,S00146,PIK3CA,7.78,Splice,0.239,9.05
P0146,S00146,EGFR,7.78,Frameshift,0.299,9.05
p0147,S00147,KRAS,16.78,Splice,0.516,4.4
P0148,S00148,MET,7.78,Nonsense,0.641,5.45
P0148,S00148,PIK3CA,7.78,Splice,0.554,5.45
P0149,S00149,ALK,2.8,Missense,0.616,8.49
P0149,S00149,PIK3CA,2.8,Splice,0.552,8.49
P0150,S00150,TP53,7.83,Frameshift,0.224,7.44
P0150,S00150,EGFR,7.83,Frameshift,0.44,7.44
P0151,S00151,TP53,13.98,Frameshift,0.407,4.65
P0152,S00152,PIK3CA,0.1,Splice,0.387,9.05
P0153,S00153,BRAF,2.59,Missense,0.378,5.73
P0153,S00153,PIK3CA,2.59,Missense,0.629,5.73
P0153,S00153,ALK,2.59,Nonsense,0.254,5.73
P0154,S00154,KRAS,10.38,Frameshift,0.483,9.37
P0154,S00154,KEAP1,10.38,Missense,0.175,9.37
P0155,S00155,STK11,5.59,Frameshift,0.615,1.92
P0155,S00155,BRAF,5.59,Missense,0.498,1.92
P0155,S00155,KEAP1,5.59,Nonsense,0.204,1.92
P0156,S00156,MET,8.65,Nonsense,0.074,2.44
P0156,S00156,EGFR,8.65,Frameshift,0.195,2.44
P0156,S00156,KRAS,8.65,Nonsense,0.454,2.44
P0157,S00157,BRAF,4.32,Nonsense,0.386,2.93
P0158,S00158,PIK3CA,34.59,Missense,0.533,0.37
P0158,S00158,TP53,34.59,Splice,0.363,0.37
P0158,S00158,KEAP1,34.59,Nonsense,0.48,0.37
P0159,S00159,KRAS,0.1,Frameshift,0.55,1.4
P0159,S00159,EGFR,0.1,Splice,0.417,1.4
P0160,S00160,EGFR,5.87,Nonsense,0.376,11.04
P0161,S00161,MET,27.97,Splice,0.104,1.45
P0161,S00161,PIK3CA,27.97,Frameshift,0.596,1.45
P0161,S00161,STK11,27.97,Frameshift,0.298,1.45
P0162,S00162,ALK,17.29,Frameshift,0.22,9.79
P0163,S00163,PIK3CA,6.05,Splice,0.329,4.88
P0164,S00164,KEAP1,7.78,Splice,0.599,2.11
P0165,S00165,ALK,3.46,Missense,0.264,32.47
P0165,S00165,KEAP1,3.46,Splice,0.603,32.47
P0166,S00166,TP53,3.46,Frameshift,0.387,13.26
P0166,S00166,EGFR,3.46,Frameshift,0.607,13.26
P0166,S00166,BRAF,3.46,Splice,0.105,13.26
P0167,S00167,STK11,22.37,Frameshift,0.39,1.14
P0167,S00167,ALK,22.37,Splice,0.415,1.14
P0168,S00168,KEAP1,6.92,Missense,0.406,2.58
P0168,S00168,STK11,6.92,Splice,0.248,2.58
P0169,S00169,KRAS,5.19,Frameshift,0.573,3.03
P0170,S00170,BRAF,0.1,Frameshift,0.543,10.45
P0170,S00170,KRAS,0.1,Splice,0.206,10.45
P0171,S00171,ALK,3.46,Frameshift,0.356,3.03
P0171,S00171,PIK3CA,3.46,Nonsense,0.12,3.03
P0172,S00172,KRAS,3.46,Nonsense,0.49,1.13
P0172,S00172,MET,3.46,Frameshift,0.599,1.13
P0173,S00173,MET,3.46,Splice,0.252,1.31
P0173,S00173,PIK3CA,3.46,Missense,0.631,1.31
P0174,S00174,PIK3CA,1.73,Nonsense,0.568,1.98
P0175,S00175,EGFR,2.59,Nonsense,0.245,0.9
P0175,S00175,BRAF,2.59,Nonsense,0.281,0.9
P0176,S00176,ROS1,2.59,Nonsense,0.284,8.84
P0176,S00176,MET,2.59,Nonsense,0.409,8.84
P0177,S00177,KEAP1,9.51,Nonsense,0.426,1.59
P0177,S00177,BRAF,9.51,Frameshift,0.495,1.59
P0178,S00178,ALK,6.92,Splice,0.601,1.25
P0179,S00179,MET,3.91,Nonsense,0.363,10.57
P0180,S00180,TP53,6.05,Nonsense,0.151,1.56
P0181,S00181,TP53,12.97,Missense,0.285,0.94
P0181,S00181,PIK3CA,12.97,Missense,0.629,0.94
P0182,S00182,KEAP1,6.92,Frameshift,0.163,5.01
P0183,S00183,TP53,16.43,Frameshift,0.148,2.95
P0183,S00183,PIK3CA,16.43,Nonsense,0.501,2.95
P0183,S00183,KEAP1,16.43,Splice,0.49,2.95
P0184,S00184,TP53,3.46,Nonsense,0.379,10.26
P0185,S00185,EGFR,8.39,Nonsense,0.254,1.41
P0185,S00185,TP53,8.39,Splice,0.328,1.41
P0186,S00186,PIK3CA,3.46,Splice,0.515,1.46
P0187,S00187,MET,12.97,Frameshift,0.415,0.62
P0187,S00187,EGFR,12.97,Nonsense,0.407,0.62
p0188,S00188,MET,7.78,Missense,0.18,0.92
P0188,S00188,ALK,7.78,Splice,0.538,0.92
P0189,S00189,ROS1,0.98,Frameshift,0.507,5.3
P0189,S00189,TP53,0.98,Nonsense,0.461,5.3
P0190,S00190,MET,40.0,Missense,0.162,0.53
P0190,S00190,EGFR,40.0,Missense,0.135,0.53
P0190,S00190,BRAF,40.0,Missense,0.449,0.53
P0191,S00191,ALK,10.38,Frameshift,0.428,5.62
P0192,S00192,ALK,1.73,Nonsense,0.273,1.56
P0192,S00192,EGFR,1.73,Missense,0.519,1.56
P0192,S00192,TP53,1.73,Splice,0.5,1.56
P0193,S00193,ROS1,5.19,Nonsense,0.609,3.33
P0193,S00193,STK11,5.19,Nonsense,0.287,3.33
P0194,S00194,STK11,1.87,Splice,0.105,1.39
P0195,S00195,STK11,16.78,Nonsense,0.091,1.03
P0195,S00195,ALK,16.78,Splice,0.356,1.03
P0196,S00196,ROS1,3.46,Frameshift,0.595,2.55
P0196,S00196,BRAF,3.46,Nonsense,0.399,2.55
P0197,S00197,KEAP1,5.74,Splice,0.177,3.15
P0197,S00197,BRAF,5.74,Missense,0.138,3.15
P0198,S00198,STK11,7.78,Missense,0.376,9.94
P0198,S00198,PIK3CA,7.78,Missense,0.375,9.94
P0199,S00199,ALK,6.85,Nonsense,0.354,2.95
P0200,S00200,KRAS,11.19,Nonsense,0.274,5.88
P0200,S00200,TP53,11.19,Splice,0.421,5.88
P0201,S00201,STK11,16.78,Splice,0.086,4.74
P0202,S00202,EGFR,1.73,Nonsense,0.508,20.61
P0203,S00203,KEAP1,8.65,Frameshift,0.276,2.92
P0204,S00204,ALK,3.46,Splice,0.452,1.29
P0205,S00205,EGFR,9.51,Frameshift,0.296,1.05
P0205,S00205,BRAF,9.51,Frameshift,0.442,1.05
P0205,S00205,MET,9.51,Splice,0.307,1.05
P0206,S00206,TP53,11.24,Missense,0.582,7.5
P0207,S00207,TP53,2.8,Nonsense,0.212,19.58
P0207,S00207,MET,2.8,Frameshift,0.083,19.58
P0208,S00208,BRAF,7.78,Missense,0.574,4.76
p0208,S00208,ROS1,7.78,Frameshift,0.493,4.76
P0209,S00209,KEAP1,6.92,Splice,0.614,1.82
P0209,S00209,KRAS,6.92,Splice,0.087,1.82
P0210,S00210,ALK,4.44,Missense,0.473,2.3
P0211,S00211,KEAP1,2.94,Missense,0.596,1.51
P0211,S00211,PIK3CA,2.94,Missense,0.312,1.51
P0211,S00211,EGFR,2.94,Missense,0.503,1.51
P0212,S00212,MET,2.8,Splice,0.584,1.52
P0213,S00213,PIK3CA,8.39,Missense,0.08,18.54
P0214,S00214,ROS1,27.97,Missense,0.497,9.27
P0214,S00214,BRAF,27.97,Nonsense,0.438,9.27
P0214,S00214,MET,27.97,Frameshift,0.597,9.27
P0215,S00215,TP53,4.89,Missense,0.098,1.84
P0215,S00215,EGFR,4.89,Splice,0.626,1.84
P0216,S00216,KRAS,7.78,Nonsense,0.469,1.42
P0217,S00217,MET,0.1,Frameshift,0.157,6.38
P0218,S00218,EGFR,8.39,Missense,0.135,8.45
P0218,S00218,PIK3CA,8.39,Missense,0.119,8.45
P0219,S00219,ALK,2.59,Frameshift,0.524,14.76
P0219,S00219,TP53,2.59,Splice,0.317,14.76
P0220,S00220,STK11,2.59,Nonsense,0.578,1.95
P0220,S00220,ALK,2.59,Splice,0.199,1.95
P0220,S00220,BRAF,2.59,Nonsense,0.286,1.95
P0221,S00221,MET,2.59,Splice,0.573,6.33
P0221,S00221,ALK,2.59,Missense,0.643,6.33
P0222,S00222,BRAF,0.1,Nonsense,0.461,10.0
P0223,S00223,PIK3CA,19.89,Splice,0.544,1.29
P0223,S00223,TP53,19.89,Nonsense,0.39,1.29
P0224,S00224,KRAS,1.73,Splice,0.623,5.01
P0224,S00224,BRAF,1.73,Splice,0.407,5.01
P0225,S00225,MET,3.46,Splice,0.1,2.47
P0225,S00225,EGFR,3.46,Nonsense,0.287,2.47
P0226,S00226,ROS1,1.73,Splice,0.408,3.22
P0226,S00226,EGFR,1.73,Nonsense,0.189,3.22
P0227,S00227,KEAP1,2.59,Nonsense,0.363,1.12
P0228,S00228,MET,5.59,Frameshift,0.265,2.61
P0229,S00229,KEAP1,2.8,Missense,0.097,0.83
P0229,S00229,ROS1,2.8,Frameshift,0.359,0.83
P0230,S00230,PIK3CA,2.59,Nonsense,0.229,0.64
P0231,S00231,MET,11.19,Frameshift,0.412,1.06
P0231,S00231,KRAS,11.19,Nonsense,0.059,1.06
P0232,S00232,PIK3CA,6.05,Missense,0.237,8.71
P0233,S00233,MET,6.92,Nonsense,0.602,18.4
P0234,S00234,BRAF,2.8,Splice,0.631,4.44
P0235,S00235,KRAS,8.65,Missense,0.18,4.72
P0236,S00236,ROS1,0.1,Splice,0.428,0.71
P0237,S00237,EGFR,5.87,Nonsense,0.559,6.82
P0238,S00238,STK11,2.59,Missense,0.25,3.4
P0239,S00239,KEAP1,11.19,Frameshift,0.568,10.6
P0239,S00239,TP53,11.19,Frameshift,0.053,10.6
P0240,S00240,KRAS,16.43,Missense,0.156,3.37
P0240,S00240,KEAP1,16.43,Nonsense,0.555,3.37
P0240,S00240,TP53,16.43,Missense,0.146,3.37
P0241,S00241,BRAF,8.39,Missense,0.566,6.67
P0241,S00241,MET,8.39,Frameshift,0.068,6.67
P0242,S00242,BRAF,15.56,Missense,0.345,1.0
P0243,S00243,STK11,0.1,Missense,0.568,6.59
P0243,S00243,BRAF,0.1,Frameshift,0.483,6.59
P0244,S00244,KRAS,6.92,Frameshift,0.13,9.6
P0244,S00244,TP53,6.92,Nonsense,0.077,9.6
P0244,S00244,PIK3CA,6.92,Missense,0.128,9.6
p0245,S00245,KEAP1,4.32,Missense,0.548,2.27
P0246,S00246,BRAF,3.46,Frameshift,0.549,1.97
P0247,S00247,KRAS,5.19,Nonsense,0.268,6.36
P0247,S00247,MET,5.19,Nonsense,0.501,6.36
P0248,S00248,BRAF,2.59,Nonsense,0.21,2.7
P0248,S00248,EGFR,2.59,Splice,0.122,2.7
P0248,S00248,ALK,2.59,Splice,0.572,2.7
P0249,S00249,KRAS,12.11,Nonsense,0.265,4.61
P0250,S00250,EGFR,6.92,Splice,0.362,4.29
P0250,S00250,PIK3CA,6.92,Splice,0.408,4.29
P0251,S00251,MET,0.98,Splice,0.522,3.49
P0251,S00251,KRAS,0.98,Nonsense,0.438,3.49
p0252,S00252,TP53,22.37,Nonsense,0.49,2.15
P0253,S00253,TP53,3.46,Nonsense,0.459,8.22
P0253,S00253,MET,3.46,Frameshift,0.055,8.22
P0254,S00254,ROS1,3.46,Nonsense,0.374,0.95
P0254,S00254,KEAP1,3.46,Splice,0.398,0.95
P0255,S00255,KRAS,25.17,Missense,0.445,6.31
P0255,S00255,EGFR,25.17,Nonsense,0.116,6.31
P0255,S00255,ALK,25.17,Nonsense,0.349,6.31
P0256,S00256,BRAF,1.96,Nonsense,0.388,1.87
P0256,S00256,TP53,1.96,Splice,0.264,1.87
P0256,S00256,ALK,1.96,Missense,0.543,1.87
P0257,S00257,TP53,2.59,Splice,0.283,1.1
P0257,S00257,EGFR,2.59,Missense,0.142,1.1
P0258,S00258,BRAF,7.78,Frameshift,0.551,1.61
P0258,S00258,ROS1,7.78,Frameshift,0.437,1.61
P0259,S00259,KRAS,3.46,Missense,0.467,3.53
P0260,S00260,KEAP1,11.24,Missense,0.166,0.83
P0260,S00260,STK11,11.24,Splice,0.443,0.83
P0261,S00261,STK11,10.66,Frameshift,0.274,2.16
P0261,S00261,KEAP1,10.66,Missense,0.541,2.16
P0261,S00261,TP53,10.66,Missense,0.095,2.16
P0262,S00262,ALK,6.92,Nonsense,0.594,8.25
P0263,S00263,BRAF,5.19,Missense,0.463,1.95
P0264,S00264,STK11,0.1,Nonsense,0.508,8.11
P0264,S00264,BRAF,0.1,Splice,0.385,8.11
P0265,S00265,KRAS,2.8,Nonsense,0.345,6.41
P0265,S00265,PIK3CA,2.8,Missense,0.138,6.41
P0266,S00266,PIK3CA,2.8,Frameshift,0.279,8.47
P0267,S00267,TP53,1.73,Missense,0.538,3.71
P0267,S00267,ROS1,1.73,Splice,0.649,3.71
P0267,S00267,KEAP1,1.73,Frameshift,0.618,3.71
P0268,S00268,TP53,6.92,Missense,0.238,7.73
P0268,S00268,ROS1,6.92,Splice,0.355,7.73
P0269,S00269,PIK3CA,6.05,Nonsense,0.185,4.56
P0269,S00269,KRAS,6.05,Frameshift,0.538,4.56
P0269,S00269,MET,6.05,Splice,0.402,4.56
P0270,S00270,KRAS,0.1,Frameshift,0.139,2.13
P0270,S00270,ROS1,0.1,Splice,0.472,2.13
P0271,S00271,BRAF,6.05,Frameshift,0.6,7.99
P0271,S00271,KEAP1,6.05,Splice,0.184,7.99
P0272,S00272,PIK3CA,1.73,Frameshift,0.382,2.6
P0272,S00272,ROS1,1.73,Frameshift,0.107,2.6
P0272,S00272,BRAF,1.73,Nonsense,0.103,2.6
P0273,S00273,KRAS,2.8,Missense,0.334,2.79
P0273,S00273,MET,2.8,Nonsense,0.308,2.79
P0274,S00274,STK11,4.32,Nonsense,0.32,1.24
P0274,S00274,KEAP1,4.32,Frameshift,0.345,1.24
P0274,S00274,ROS1,4.32,Nonsense,0.375,1.24
P0275,S00275,KRAS,4.32,Splice,0.07,0.86
P0275,S00275,STK11,4.32,Nonsense,0.606,0.86
P0276,S00276,PIK3CA,4.89,Splice,0.573,2.71
P0276,S00276,ALK,4.89,Nonsense,0.43,2.71
P0277,S00277,PIK3CA,13.98,Frameshift,0.577,7.92
p0277,S00277,MET,13.98,Splice,0.193,7.92
P0278,S00278,KEAP1,0.86,Frameshift,0.138,2.25
P0279,S00279,BRAF,25.43,Frameshift,0.364,2.82
P0279,S00279,STK11,25.43,Missense,0.46,2.82
P0279,S00279,TP53,25.43,Nonsense,0.282,2.82
P0280,S00280,KEAP1,2.94,Nonsense,0.421,28.15
P0281,S00281,ROS1,5.19,Splice,0.501,6.46
P0281,S00281,TP53,5.19,Splice,0.121,6.46
P0281,S00281,BRAF,5.19,Missense,0.478,6.46
P0282,S00282,PIK3CA,8.39,Frameshift,0.317,2.45
P0283,S00283,EGFR,6.92,Frameshift,0.482,10.43
P0283,S00283,MET,6.92,Frameshift,0.096,10.43
P0284,S00284,ROS1,13.98,Nonsense,0.403,1.42
P0285,S00285,MET,2.59,Frameshift,0.241,8.64
P0286,S00286,PIK3CA,11.19,Frameshift,0.567,4.61
P0286,S00286,MET,11.19,Frameshift,0.339,4.61
P0287,S00287,ROS1,0.86,Missense,0.269,2.49
P0287,S00287,MET,0.86,Splice,0.432,2.49
P0287,S00287,STK11,0.86,Splice,0.322,2.49
P0288,S00288,ROS1,9.51,Nonsense,0.292,7.81
P0288,S00288,ALK,9.51,Splice,0.117,7.81
P0289,S00289,ALK,13.98,Missense,0.234,1.72
P0289,S00289,EGFR,13.98,Nonsense,0.429,1.72
P0290,S00290,STK11,0.86,Splice,0.555,1.61
P0290,S00290,TP53,0.86,Splice,0.54,1.61
P0291,S00291,BRAF,11.19,Nonsense,0.283,3.08
P0292,S00292,ROS1,1.87,Nonsense,0.603,3.88
P0292,S00292,MET,1.87,Frameshift,0.05,3.88
P0293,S00293,EGFR,2.94,Missense,0.155,2.4
P0294,S00294,KRAS,1.73,Missense,0.078,3.03
P0295,S00295,STK11,2.8,Splice,0.215,1.24
P0296,S00296,KRAS,12.11,Frameshift,0.543,1.25
P0296,S00296,BRAF,12.11,Missense,0.143,1.25
P0297,S00297,ROS1,13.98,Nonsense,0.186,4.36
P0298,S00298,ALK,8.65,Frameshift,0.483,4.02
P0299,S00299,EGFR,6.05,Missense,0.509,6.5
P0299,S00299,KRAS,6.05,Frameshift,0.272,6.5
P0300,S00300,TP53,6.85,Splice,0.205,1.94
P0211,S00211,KEAP1,2.94,Missense,0.596,1.51
P0272,S00272,BRAF,1.73,Nonsense,0.103,2.6
P0080,S00080,STK11,11.19,Frameshift,0.119,10.98
P0128,S00128,BRAF,6.92,Splice,0.409,8.46
P0075,S00075,KRAS,10.38,Frameshift,0.281,8.7
P0189,S00189,TP53,0.98,Nonsense,0.461,5.3
P0173,S00173,PIK3CA,3.46,Missense,0.631,1.31
P0092,S00092,TP53,1.73,Frameshift,0.432,9.86
P0165,S00165,ALK,3.46,Missense,0.264,32.47
P0248,S00248,BRAF,2.59,Nonsense,0.21,2.7
P0266,S00266,PIK3CA,2.8,Frameshift,0.279,8.47
P0146,S00146,PIK3CA,7.78,Splice,0.239,9.05
P0247,S00247,KRAS,5.19,Nonsense,0.268,6.36
P0005,S00005,KRAS,2.59,Missense,0.142,14.26
P0133,S00133,BRAF,4.89,Frameshift,0.628,4.7
